transaction_id,account_id,customer_id,suspicious_pattern,is_suspicious,fraud_probability,fraud_prediction
TXN0003308,ACCT000495,CUST000067,rapid_movement_of_funds,True,1.0,1
TXN0004048,ACCT000450,CUST000253,rapid_movement_of_funds,True,1.0,1
TXN0003750,ACCT000216,CUST000216,rapid_movement_of_funds,True,0.9999999999999998,1
TXN0001850,ACCT000033,CUST000253,rapid_movement_of_funds,True,0.9999999999999987,1
TXN0003462,ACCT000127,CUST000210,rapid_movement_of_funds,True,0.9999999999999944,1
TXN0001998,ACCT000117,CUST000399,rapid_movement_of_funds,True,0.999999999999988,1
TXN0001521,ACCT000209,CUST000269,rapid_movement_of_funds,True,0.999999999999625,1
TXN0001004,ACCT000692,CUST000024,rapid_movement_of_funds,True,0.9999999999967542,1
TXN0001235,ACCT000441,CUST000128,rapid_movement_of_funds,True,0.9999999999960487,1
TXN0000678,ACCT000336,CUST000428,unusual_amount_spike,True,0.9999999999937172,1
TXN0003799,ACCT000645,CUST000035,rapid_movement_of_funds,True,0.9999999999823117,1
TXN0003930,ACCT000321,CUST000307,rapid_movement_of_funds,True,0.9999999999786515,1
TXN0003599,ACCT000600,CUST000125,rapid_movement_of_funds,True,0.9999999996738682,1
TXN0002365,ACCT000418,CUST000124,rapid_movement_of_funds,True,0.9999999995228377,1
TXN0001618,ACCT000065,CUST000047,rapid_movement_of_funds,True,0.9999999993647006,1
TXN0002718,ACCT000084,CUST000038,round_number_payments,True,0.9999999986566808,1
TXN0000563,ACCT000693,CUST000133,rapid_movement_of_funds,True,0.9999999637990056,1
TXN0000621,ACCT000067,CUST000111,rapid_movement_of_funds,True,0.999999957957667,1
TXN0003852,ACCT000088,CUST000495,round_number_payments,True,0.9999999404370086,1
TXN0000942,ACCT000224,CUST000263,round_number_payments,True,0.9999998923101452,1
TXN0002341,ACCT000569,CUST000075,round_number_payments,True,0.9999998852654838,1
TXN0000255,ACCT000437,CUST000080,round_number_payments,True,0.999999874443638,1
TXN0001552,ACCT000048,CUST000025,round_number_payments,True,0.9999998131123301,1
TXN0000721,ACCT000535,CUST000125,round_number_payments,True,0.9999989859319101,1
TXN0000523,ACCT000186,CUST000220,round_number_payments,True,0.9999979091092175,1
TXN0000509,ACCT000283,CUST000442,round_number_payments,True,0.9999969827453334,1
TXN0003228,ACCT000665,CUST000125,round_number_payments,True,0.9999965332178997,1
TXN0004778,ACCT000054,CUST000325,shared_device_behaviour,True,0.9999953522065712,1
TXN0000959,ACCT000604,CUST000049,rapid_movement_of_funds,True,0.9999952738944526,1
TXN0002391,ACCT000264,CUST000047,rapid_movement_of_funds,True,0.9999946637358574,1
TXN0002045,ACCT000169,CUST000380,round_number_payments,True,0.9999937948616838,1
TXN0001099,ACCT000219,CUST000004,round_number_payments,True,0.9999931637906588,1
TXN0001273,ACCT000335,CUST000128,round_number_payments,True,0.9999910368113623,1
TXN0001787,ACCT000421,CUST000074,mule_account_style_behaviour,True,0.9999868234008001,1
TXN0004621,ACCT000526,CUST000382,rapid_movement_of_funds,True,0.9999864324149488,1
TXN0000135,ACCT000066,CUST000319,round_number_payments,True,0.9999798757174119,1
TXN0001039,ACCT000571,CUST000065,round_number_payments,True,0.9999674853402997,1
TXN0002924,ACCT000329,CUST000060,shared_device_behaviour,True,0.9999630394420284,1
TXN0001743,ACCT000116,CUST000366,shared_device_behaviour,True,0.9999605425849754,1
TXN0001577,ACCT000690,CUST000233,shared_device_behaviour,True,0.9999601091945035,1
TXN0001826,ACCT000067,CUST000111,shared_device_behaviour,True,0.9999574320671805,1
TXN0004582,ACCT000246,CUST000011,shared_device_behaviour,True,0.9999542956762303,1
TXN0001565,ACCT000690,CUST000233,round_number_payments,True,0.9999537932235166,1
TXN0002197,ACCT000627,CUST000083,new_beneficiary_risk,True,0.9999504897056224,1
TXN0000703,ACCT000241,CUST000376,shared_device_behaviour,True,0.9999433970234426,1
TXN0003620,ACCT000594,CUST000231,mule_account_style_behaviour,True,0.9999413677738347,1
TXN0003662,ACCT000235,CUST000326,shared_device_behaviour,True,0.9999382920761396,1
TXN0002186,ACCT000420,CUST000458,shared_device_behaviour,True,0.999937469873893,1
TXN0000314,ACCT000664,CUST000057,new_beneficiary_risk,True,0.9999315956931538,1
TXN0001722,ACCT000541,CUST000200,round_number_payments,True,0.9999293560518846,1
TXN0001149,ACCT000591,CUST000106,shared_device_behaviour,True,0.9999277718239866,1
TXN0002001,ACCT000344,CUST000004,shared_device_behaviour,True,0.9999274472724614,1
TXN0002708,ACCT000368,CUST000441,shared_device_behaviour,True,0.9999261274693589,1
TXN0002270,ACCT000621,CUST000116,shared_device_behaviour,True,0.9999250602169321,1
TXN0003222,ACCT000479,CUST000103,shared_device_behaviour,True,0.9999214024969193,1
TXN0001920,ACCT000407,CUST000235,shared_device_behaviour,True,0.9999115843578977,1
TXN0003490,ACCT000302,CUST000192,shared_device_behaviour,True,0.9999075837112564,1
TXN0003494,ACCT000594,CUST000231,account_takeover_style_behaviour,True,0.9999053724298371,1
TXN0003120,ACCT000696,CUST000196,shared_device_behaviour,True,0.9999032039122768,1
TXN0004054,ACCT000611,CUST000433,new_beneficiary_risk,True,0.9998959682044121,1
TXN0003231,ACCT000655,CUST000004,account_takeover_style_behaviour,True,0.9998872188053681,1
TXN0004144,ACCT000083,CUST000355,round_number_payments,True,0.9998739461439274,1
TXN0004970,ACCT000682,CUST000438,shared_device_behaviour,True,0.9998567899819671,1
TXN0001757,ACCT000178,CUST000186,new_beneficiary_risk,True,0.9998526470571983,1
TXN0002797,ACCT000396,CUST000400,shared_device_behaviour,True,0.9998504225620785,1
TXN0001222,ACCT000109,CUST000304,mule_account_style_behaviour,True,0.9998379228072811,1
TXN0003428,ACCT000492,CUST000237,shared_device_behaviour,True,0.9998369856470731,1
TXN0003757,ACCT000578,CUST000093,shared_device_behaviour,True,0.9998284864228538,1
TXN0002731,ACCT000342,CUST000500,account_takeover_style_behaviour,True,0.999822702078563,1
TXN0003386,ACCT000342,CUST000500,mule_account_style_behaviour,True,0.9998206525658903,1
TXN0001547,ACCT000137,CUST000128,round_number_payments,True,0.999792358611038,1
TXN0001512,ACCT000302,CUST000192,mule_account_style_behaviour,True,0.9997808245778105,1
TXN0002194,ACCT000240,CUST000019,shared_device_behaviour,True,0.9997659946649419,1
TXN0004760,ACCT000672,CUST000159,round_number_payments,True,0.9997639200424149,1
TXN0004772,ACCT000189,CUST000380,shared_device_behaviour,True,0.9997549689139206,1
TXN0004511,ACCT000347,CUST000061,new_beneficiary_risk,True,0.9997404525097527,1
TXN0002983,ACCT000063,CUST000394,mule_account_style_behaviour,True,0.9997397249144486,1
TXN0003683,ACCT000403,CUST000047,mule_account_style_behaviour,True,0.9997250049450724,1
TXN0001454,ACCT000054,CUST000325,high_risk_jurisdiction_exposure,True,0.9996947555470901,1
TXN0000702,ACCT000098,CUST000340,account_takeover_style_behaviour,True,0.999687690247488,1
TXN0000913,ACCT000543,CUST000176,mule_account_style_behaviour,True,0.9996766325660792,1
TXN0000154,ACCT000163,CUST000431,round_number_payments,True,0.999626744221225,1
TXN0003822,ACCT000465,CUST000372,new_beneficiary_risk,True,0.999614835373993,1
TXN0002958,ACCT000372,CUST000236,account_takeover_style_behaviour,True,0.9996126961998585,1
TXN0003115,ACCT000007,CUST000055,new_beneficiary_risk,True,0.9996112748258357,1
TXN0002219,ACCT000001,CUST000473,mule_account_style_behaviour,True,0.9996018058130985,1
TXN0001200,ACCT000685,CUST000089,unusual_amount_spike,True,0.9995849446747219,1
TXN0002508,ACCT000308,CUST000499,mule_account_style_behaviour,True,0.9995488533954958,1
TXN0002098,ACCT000124,CUST000437,mule_account_style_behaviour,True,0.9995078646782167,1
TXN0001776,ACCT000189,CUST000380,account_takeover_style_behaviour,True,0.9995048344161009,1
TXN0001609,ACCT000446,CUST000065,mule_account_style_behaviour,True,0.9994802094873861,1
TXN0002675,ACCT000292,CUST000045,account_takeover_style_behaviour,True,0.999469407430978,1
TXN0002771,ACCT000693,CUST000133,new_beneficiary_risk,True,0.9994461044792754,1
TXN0003869,ACCT000028,CUST000158,account_takeover_style_behaviour,True,0.9994309800039621,1
TXN0004890,ACCT000209,CUST000269,mule_account_style_behaviour,True,0.9994113519526847,1
TXN0003220,ACCT000415,CUST000263,new_beneficiary_risk,True,0.9993876020011984,1
TXN0002991,ACCT000288,CUST000306,unusual_amount_spike,True,0.999303077175942,1
TXN0004114,ACCT000027,CUST000294,unusual_amount_spike,True,0.9992748084811608,1
TXN0001124,ACCT000323,CUST000437,shared_device_behaviour,True,0.9992159988052578,1
TXN0002840,ACCT000484,CUST000411,mule_account_style_behaviour,True,0.9991901186048961,1
TXN0003015,ACCT000010,CUST000442,round_number_payments,True,0.9989958417751178,1
TXN0004468,ACCT000090,CUST000424,mule_account_style_behaviour,True,0.9989660392850097,1
TXN0000067,ACCT000134,CUST000142,account_takeover_style_behaviour,True,0.998942214934115,1
TXN0003723,ACCT000413,CUST000345,high_risk_jurisdiction_exposure,True,0.9988688022264286,1
TXN0003057,ACCT000353,CUST000128,new_beneficiary_risk,True,0.9987689375542582,1
TXN0004483,ACCT000355,CUST000206,mule_account_style_behaviour,True,0.9987267095081637,1
TXN0001062,ACCT000426,CUST000051,mule_account_style_behaviour,True,0.998470315883969,1
TXN0001606,ACCT000184,CUST000217,account_takeover_style_behaviour,True,0.9984533392313332,1
TXN0003283,ACCT000228,CUST000053,account_takeover_style_behaviour,True,0.9984108481914516,1
TXN0002419,ACCT000055,CUST000278,account_takeover_style_behaviour,True,0.998282718644442,1
TXN0002046,ACCT000550,CUST000158,new_beneficiary_risk,True,0.9981763941869839,1
TXN0001654,ACCT000147,CUST000440,account_takeover_style_behaviour,True,0.9980512174229536,1
TXN0000232,ACCT000676,CUST000227,high_risk_jurisdiction_exposure,True,0.9979283918891725,1
TXN0000516,ACCT000180,CUST000023,high_risk_jurisdiction_exposure,True,0.9978810265581731,1
TXN0004919,ACCT000471,CUST000373,account_takeover_style_behaviour,True,0.9978184972802913,1
TXN0001464,ACCT000035,CUST000045,round_number_payments,True,0.9976253764551614,1
TXN0002367,ACCT000033,CUST000253,account_takeover_style_behaviour,True,0.9976237086980361,1
TXN0000199,ACCT000664,CUST000057,high_risk_jurisdiction_exposure,True,0.9965660162803747,1
TXN0004614,ACCT000601,CUST000104,high_risk_jurisdiction_exposure,True,0.9961996107283397,1
TXN0004876,ACCT000469,CUST000097,high_risk_jurisdiction_exposure,True,0.9961403838650074,1
TXN0000094,ACCT000495,CUST000067,high_risk_jurisdiction_exposure,True,0.9954764869125573,1
TXN0001110,ACCT000324,CUST000075,unusual_amount_spike,True,0.9939749610253545,1
TXN0004653,ACCT000599,CUST000395,round_number_payments,True,0.9939199127818561,1
TXN0002656,ACCT000465,CUST000372,high_risk_jurisdiction_exposure,True,0.9928732362616648,1
TXN0000385,ACCT000420,CUST000458,high_risk_jurisdiction_exposure,True,0.9921260827343604,1
TXN0003831,ACCT000566,CUST000127,high_risk_jurisdiction_exposure,True,0.9911000450727268,1
TXN0003557,ACCT000245,CUST000009,high_risk_jurisdiction_exposure,True,0.9872165896796131,1
TXN0002652,ACCT000574,CUST000309,high_risk_jurisdiction_exposure,True,0.9855744081211589,1
TXN0002874,ACCT000479,CUST000103,new_beneficiary_risk,True,0.9827503188813782,1
TXN0004660,ACCT000088,CUST000495,high_risk_jurisdiction_exposure,True,0.9784733290622872,1
TXN0004092,ACCT000375,CUST000356,unusual_amount_spike,True,0.9753281798803818,1
TXN0004055,ACCT000669,CUST000410,unusual_amount_spike,True,0.973313189338506,1
TXN0004282,ACCT000474,CUST000031,unusual_amount_spike,True,0.9668155926468205,1
TXN0002421,ACCT000468,CUST000304,normal_activity,False,0.9597619681603948,1
TXN0003376,ACCT000307,CUST000214,unusual_amount_spike,True,0.9577175669481339,1
TXN0002137,ACCT000584,CUST000463,unusual_amount_spike,True,0.9468284810840149,1
TXN0001853,ACCT000467,CUST000360,unusual_amount_spike,True,0.9409988648731813,1
TXN0001945,ACCT000311,CUST000334,normal_activity,False,0.9310204429879082,1
TXN0004379,ACCT000517,CUST000166,normal_activity,False,0.9254028633382964,1
TXN0002768,ACCT000442,CUST000235,normal_activity,False,0.8876336587981856,1
TXN0004754,ACCT000351,CUST000085,unusual_amount_spike,True,0.8728471922920902,1
TXN0001657,ACCT000109,CUST000304,normal_activity,False,0.8653350855199062,1
TXN0001622,ACCT000056,CUST000258,unusual_amount_spike,True,0.8449960575679951,1
TXN0000646,ACCT000474,CUST000031,high_transaction_velocity,True,0.8153344449412452,1
TXN0002175,ACCT000567,CUST000192,high_transaction_velocity,True,0.8122355276488186,1
TXN0000267,ACCT000072,CUST000346,normal_activity,False,0.8104297770376644,1
TXN0002649,ACCT000311,CUST000334,normal_activity,False,0.805058988133339,1
TXN0004705,ACCT000311,CUST000334,normal_activity,False,0.7928983533229498,1
TXN0000170,ACCT000627,CUST000083,normal_activity,False,0.7484920504208721,1
TXN0004241,ACCT000676,CUST000227,normal_activity,False,0.7442462382568495,1
TXN0003574,ACCT000042,CUST000081,normal_activity,False,0.7372825116989565,1
TXN0004444,ACCT000311,CUST000334,normal_activity,False,0.6809812361540603,1
TXN0001567,ACCT000610,CUST000308,unusual_amount_spike,True,0.6695063284837194,1
TXN0004237,ACCT000627,CUST000083,normal_activity,False,0.659812499071164,1
TXN0001937,ACCT000468,CUST000304,normal_activity,False,0.6581862585756474,1
TXN0003039,ACCT000434,CUST000161,high_transaction_velocity,True,0.62910123914638,1
TXN0001074,ACCT000172,CUST000322,normal_activity,False,0.6229914272062679,1
TXN0004959,ACCT000234,CUST000206,unusual_amount_spike,True,0.6047458649186227,1
TXN0004798,ACCT000007,CUST000055,normal_activity,False,0.6045860513531052,1
TXN0000581,ACCT000469,CUST000097,normal_activity,False,0.5996464837183497,1
TXN0002785,ACCT000401,CUST000466,normal_activity,False,0.5805018185425832,1
TXN0004877,ACCT000195,CUST000294,normal_activity,False,0.5775868311246579,1
TXN0004305,ACCT000382,CUST000494,normal_activity,False,0.567652619665235,1
TXN0002050,ACCT000487,CUST000457,normal_activity,False,0.558899967003848,1
TXN0003436,ACCT000230,CUST000208,normal_activity,False,0.5584281502883356,1
TXN0001919,ACCT000150,CUST000491,high_transaction_velocity,True,0.5495714020374775,1
TXN0004586,ACCT000345,CUST000437,normal_activity,False,0.5471326328255947,1
TXN0003862,ACCT000655,CUST000004,normal_activity,False,0.5412804391321706,1
TXN0004314,ACCT000186,CUST000220,unusual_amount_spike,True,0.5269700492851451,1
TXN0003488,ACCT000382,CUST000494,normal_activity,False,0.5267465258915797,1
TXN0000500,ACCT000178,CUST000186,normal_activity,False,0.5181455101888927,1
TXN0002862,ACCT000351,CUST000085,normal_activity,False,0.5101527224411705,1
TXN0000418,ACCT000238,CUST000466,normal_activity,False,0.5088577739503491,1
TXN0001176,ACCT000495,CUST000067,unusual_amount_spike,True,0.5038262109628909,1
TXN0004310,ACCT000642,CUST000009,normal_activity,False,0.49751556748503817,0
TXN0001186,ACCT000492,CUST000237,unusual_amount_spike,True,0.4944196000235458,0
TXN0003516,ACCT000212,CUST000470,unusual_amount_spike,True,0.47743316029896843,0
TXN0003976,ACCT000546,CUST000238,high_risk_jurisdiction_exposure,True,0.46892890193185716,0
TXN0002550,ACCT000390,CUST000142,normal_activity,False,0.46257273913014174,0
TXN0001548,ACCT000632,CUST000224,normal_activity,False,0.4622624733245411,0
TXN0003908,ACCT000104,CUST000247,normal_activity,False,0.4587640722172013,0
TXN0003727,ACCT000081,CUST000270,normal_activity,False,0.4522903367852012,0
TXN0004386,ACCT000273,CUST000205,unusual_amount_spike,True,0.4494144197378774,0
TXN0002839,ACCT000572,CUST000354,normal_activity,False,0.44716793521505144,0
TXN0001012,ACCT000405,CUST000094,high_transaction_velocity,True,0.44073893284102555,0
TXN0000396,ACCT000535,CUST000125,normal_activity,False,0.43973094628590426,0
TXN0001806,ACCT000145,CUST000305,normal_activity,False,0.4365604219239521,0
TXN0000246,ACCT000503,CUST000321,normal_activity,False,0.4303577513762283,0
TXN0002114,ACCT000157,CUST000416,shared_device_behaviour,True,0.4303215580581496,0
TXN0000829,ACCT000220,CUST000229,normal_activity,False,0.41052211194767085,0
TXN0000471,ACCT000180,CUST000023,normal_activity,False,0.4090011114176173,0
TXN0002056,ACCT000128,CUST000020,normal_activity,False,0.4030278483862955,0
TXN0003793,ACCT000160,CUST000369,high_transaction_velocity,True,0.4027278428184195,0
TXN0003655,ACCT000546,CUST000238,normal_activity,False,0.39972941389428535,0
TXN0003487,ACCT000351,CUST000085,normal_activity,False,0.3966447476591079,0
TXN0002236,ACCT000468,CUST000304,normal_activity,False,0.39639421073010683,0
TXN0001954,ACCT000002,CUST000113,normal_activity,False,0.39605415542493466,0
TXN0004056,ACCT000113,CUST000320,normal_activity,False,0.39087737325109323,0
TXN0001015,ACCT000690,CUST000233,normal_activity,False,0.38822398790566764,0
TXN0004357,ACCT000113,CUST000320,normal_activity,False,0.38771110773243833,0
TXN0000546,ACCT000611,CUST000433,normal_activity,False,0.3873965071773566,0
TXN0003159,ACCT000381,CUST000078,normal_activity,False,0.37532418246208726,0
TXN0001710,ACCT000150,CUST000491,normal_activity,False,0.37399199602981303,0
TXN0004900,ACCT000098,CUST000340,normal_activity,False,0.3690423795445759,0
TXN0003988,ACCT000002,CUST000113,normal_activity,False,0.3686596101722866,0
TXN0002980,ACCT000238,CUST000466,high_transaction_velocity,True,0.3596409875449247,0
TXN0001363,ACCT000329,CUST000060,normal_activity,False,0.3594658264043557,0
TXN0002934,ACCT000356,CUST000295,normal_activity,False,0.3570585093910515,0
TXN0000930,ACCT000044,CUST000400,normal_activity,False,0.35172044921810397,0
TXN0000227,ACCT000667,CUST000152,normal_activity,False,0.3504769748188587,0
TXN0002928,ACCT000142,CUST000144,normal_activity,False,0.34577148593285334,0
TXN0002196,ACCT000180,CUST000023,high_transaction_velocity,True,0.34521118482710095,0
TXN0004607,ACCT000005,CUST000267,normal_activity,False,0.3386162195257147,0
TXN0003404,ACCT000057,CUST000051,normal_activity,False,0.3383978558246389,0
TXN0001525,ACCT000081,CUST000270,normal_activity,False,0.3372149176170283,0
TXN0003502,ACCT000374,CUST000161,normal_activity,False,0.33473490444545817,0
TXN0001990,ACCT000469,CUST000097,normal_activity,False,0.3343256088668137,0
TXN0001992,ACCT000516,CUST000056,normal_activity,False,0.3340534733349934,0
TXN0002067,ACCT000063,CUST000394,normal_activity,False,0.3331871217263137,0
TXN0001910,ACCT000469,CUST000097,normal_activity,False,0.33249349372592363,0
TXN0004547,ACCT000661,CUST000120,normal_activity,False,0.3317710896448408,0
TXN0001717,ACCT000465,CUST000372,normal_activity,False,0.3253357728916503,0
TXN0002441,ACCT000690,CUST000233,normal_activity,False,0.3247014983836865,0
TXN0004971,ACCT000465,CUST000372,normal_activity,False,0.32243361873659093,0
TXN0004541,ACCT000007,CUST000055,normal_activity,False,0.3216429315831172,0
TXN0002092,ACCT000338,CUST000018,high_transaction_velocity,True,0.316137987862611,0
TXN0002872,ACCT000632,CUST000224,high_transaction_velocity,True,0.3143980682826511,0
TXN0004103,ACCT000122,CUST000023,normal_activity,False,0.3119804946683758,0
TXN0002151,ACCT000357,CUST000238,normal_activity,False,0.30831379832130273,0
TXN0003414,ACCT000493,CUST000413,normal_activity,False,0.3081421500000315,0
TXN0000755,ACCT000582,CUST000190,normal_activity,False,0.3043328394329124,0
TXN0003076,ACCT000361,CUST000258,normal_activity,False,0.30343897353083504,0
TXN0003975,ACCT000601,CUST000104,normal_activity,False,0.30203795763410474,0
TXN0003674,ACCT000007,CUST000055,normal_activity,False,0.30052738269080104,0
TXN0002216,ACCT000569,CUST000075,normal_activity,False,0.29476224835962184,0
TXN0000826,ACCT000219,CUST000004,high_transaction_velocity,True,0.2937175830373736,0
TXN0002699,ACCT000142,CUST000144,high_transaction_velocity,True,0.2918970264426662,0
TXN0004452,ACCT000048,CUST000025,normal_activity,False,0.2911558199170218,0
TXN0001605,ACCT000633,CUST000457,normal_activity,False,0.29098177493544874,0
TXN0001601,ACCT000113,CUST000320,normal_activity,False,0.29085290209790776,0
TXN0003761,ACCT000468,CUST000304,normal_activity,False,0.2897684979900909,0
TXN0003584,ACCT000610,CUST000308,high_transaction_velocity,True,0.28685623366147256,0
TXN0002520,ACCT000357,CUST000238,unusual_amount_spike,True,0.28357091478249347,0
TXN0003156,ACCT000608,CUST000392,high_transaction_velocity,True,0.282584303013378,0
TXN0004718,ACCT000621,CUST000116,normal_activity,False,0.28237406293693085,0
TXN0003311,ACCT000655,CUST000004,normal_activity,False,0.28032444602466733,0
TXN0004800,ACCT000287,CUST000323,normal_activity,False,0.27880064643520797,0
TXN0004334,ACCT000409,CUST000398,normal_activity,False,0.2765347952712322,0
TXN0003613,ACCT000403,CUST000047,normal_activity,False,0.27537174374829876,0
TXN0002563,ACCT000189,CUST000380,normal_activity,False,0.27520266501917917,0
TXN0003363,ACCT000674,CUST000103,normal_activity,False,0.2743407988579661,0
TXN0004910,ACCT000493,CUST000413,high_transaction_velocity,True,0.2738458411091358,0
TXN0004537,ACCT000098,CUST000340,high_risk_jurisdiction_exposure,True,0.27306803148325653,0
TXN0003752,ACCT000128,CUST000020,normal_activity,False,0.27043077867366433,0
TXN0000054,ACCT000484,CUST000411,normal_activity,False,0.2692199578945111,0
TXN0004197,ACCT000099,CUST000377,normal_activity,False,0.2685592245495,0
TXN0000720,ACCT000186,CUST000220,normal_activity,False,0.2684509417485409,0
TXN0002370,ACCT000126,CUST000347,normal_activity,False,0.26500672907992867,0
TXN0000783,ACCT000409,CUST000398,normal_activity,False,0.26307576975373637,0
TXN0003361,ACCT000334,CUST000123,normal_activity,False,0.26260142387710633,0
TXN0004116,ACCT000055,CUST000278,normal_activity,False,0.2625496249575647,0
TXN0003242,ACCT000207,CUST000206,normal_activity,False,0.257763361100544,0
TXN0000240,ACCT000001,CUST000473,normal_activity,False,0.25569344121175613,0
TXN0003863,ACCT000407,CUST000235,normal_activity,False,0.2554615310713892,0
TXN0002188,ACCT000559,CUST000321,normal_activity,False,0.2543071114260865,0
TXN0003449,ACCT000198,CUST000384,normal_activity,False,0.2542913618382961,0
TXN0000631,ACCT000095,CUST000426,unusual_amount_spike,True,0.2527042809140775,0
TXN0002629,ACCT000672,CUST000159,normal_activity,False,0.2524564517131878,0
TXN0002750,ACCT000666,CUST000330,normal_activity,False,0.2517552611898514,0
TXN0004001,ACCT000186,CUST000220,high_transaction_velocity,True,0.2515342185749379,0
TXN0000307,ACCT000365,CUST000457,normal_activity,False,0.25120212862764396,0
TXN0003644,ACCT000545,CUST000297,normal_activity,False,0.24742714072286195,0
TXN0001497,ACCT000280,CUST000064,normal_activity,False,0.24667904739001262,0
TXN0002011,ACCT000223,CUST000343,normal_activity,False,0.24658174823618306,0
TXN0001881,ACCT000048,CUST000025,normal_activity,False,0.24544951037696408,0
TXN0004634,ACCT000381,CUST000078,normal_activity,False,0.24509368495367873,0
TXN0000050,ACCT000198,CUST000384,normal_activity,False,0.24307902699783748,0
TXN0003389,ACCT000544,CUST000372,shared_device_behaviour,True,0.24279777278178355,0
TXN0004168,ACCT000607,CUST000013,normal_activity,False,0.2426944651620637,0
TXN0003087,ACCT000433,CUST000170,normal_activity,False,0.24144490551300815,0
TXN0003434,ACCT000360,CUST000349,normal_activity,False,0.24051516876128584,0
TXN0002003,ACCT000620,CUST000135,normal_activity,False,0.24048241909541415,0
TXN0003872,ACCT000696,CUST000196,normal_activity,False,0.23990626347429359,0
TXN0000472,ACCT000638,CUST000366,normal_activity,False,0.23877816470840585,0
TXN0001206,ACCT000116,CUST000366,normal_activity,False,0.2378731369111282,0
TXN0000148,ACCT000184,CUST000217,normal_activity,False,0.23688687481078546,0
TXN0003369,ACCT000501,CUST000310,normal_activity,False,0.2361792092091009,0
TXN0004043,ACCT000497,CUST000428,normal_activity,False,0.23594060040441558,0
TXN0004516,ACCT000397,CUST000011,normal_activity,False,0.2343356530434443,0
TXN0000258,ACCT000628,CUST000442,normal_activity,False,0.23397325474492667,0
TXN0000475,ACCT000306,CUST000075,normal_activity,False,0.23329422589027954,0
TXN0003423,ACCT000648,CUST000362,normal_activity,False,0.23256833100588012,0
TXN0001463,ACCT000540,CUST000118,normal_activity,False,0.23087389332029473,0
TXN0000672,ACCT000651,CUST000006,normal_activity,False,0.23027167922303707,0
TXN0003101,ACCT000510,CUST000043,normal_activity,False,0.22747445687620393,0
TXN0004719,ACCT000493,CUST000413,normal_activity,False,0.22329373095474053,0
TXN0000311,ACCT000610,CUST000308,normal_activity,False,0.22280710211035662,0
TXN0002736,ACCT000696,CUST000196,normal_activity,False,0.22121272333510256,0
TXN0001979,ACCT000106,CUST000031,normal_activity,False,0.22108074922869536,0
TXN0000190,ACCT000479,CUST000103,normal_activity,False,0.22048435786432308,0
TXN0004451,ACCT000479,CUST000103,high_transaction_velocity,True,0.21998143421975364,0
TXN0001388,ACCT000120,CUST000083,normal_activity,False,0.21891563544183065,0
TXN0002331,ACCT000287,CUST000323,normal_activity,False,0.2171839371078317,0
TXN0004321,ACCT000088,CUST000495,normal_activity,False,0.2163178081878765,0
TXN0001817,ACCT000246,CUST000011,normal_activity,False,0.21629308909311107,0
TXN0000222,ACCT000498,CUST000490,normal_activity,False,0.215926967270658,0
TXN0003353,ACCT000266,CUST000275,normal_activity,False,0.21459268474008536,0
TXN0002936,ACCT000119,CUST000452,normal_activity,False,0.21401114492151183,0
TXN0004057,ACCT000252,CUST000109,normal_activity,False,0.21374852150865956,0
TXN0000690,ACCT000100,CUST000386,normal_activity,False,0.2137127289960853,0
TXN0002998,ACCT000142,CUST000144,normal_activity,False,0.21221664601875045,0
TXN0000828,ACCT000056,CUST000258,normal_activity,False,0.21128309594297165,0
TXN0004895,ACCT000037,CUST000028,normal_activity,False,0.21090624654899706,0
TXN0004615,ACCT000338,CUST000018,normal_activity,False,0.2101928106625572,0
TXN0003130,ACCT000693,CUST000133,normal_activity,False,0.2071234241258935,0
TXN0004141,ACCT000375,CUST000356,normal_activity,False,0.2071201424163905,0
TXN0003967,ACCT000356,CUST000295,normal_activity,False,0.20703123587694414,0
TXN0002456,ACCT000334,CUST000123,normal_activity,False,0.2063481720887995,0
TXN0002200,ACCT000667,CUST000152,normal_activity,False,0.20500395439959812,0
TXN0003271,ACCT000052,CUST000178,normal_activity,False,0.20372224361272442,0
TXN0004757,ACCT000180,CUST000023,normal_activity,False,0.20256453282742867,0
TXN0004137,ACCT000300,CUST000211,normal_activity,False,0.1995952874240384,0
TXN0004574,ACCT000250,CUST000060,normal_activity,False,0.199069714886663,0
TXN0003828,ACCT000360,CUST000349,normal_activity,False,0.1988111700591214,0
TXN0000949,ACCT000244,CUST000229,normal_activity,False,0.19812779723685595,0
TXN0001380,ACCT000516,CUST000056,normal_activity,False,0.19755836696148193,0
TXN0004183,ACCT000337,CUST000439,normal_activity,False,0.19457463369820008,0
TXN0000958,ACCT000286,CUST000309,normal_activity,False,0.194000723167553,0
TXN0002164,ACCT000582,CUST000190,normal_activity,False,0.19374393476075863,0
TXN0004268,ACCT000520,CUST000376,normal_activity,False,0.19362667971430478,0
TXN0000679,ACCT000044,CUST000400,normal_activity,False,0.19344132705391429,0
TXN0002585,ACCT000424,CUST000485,normal_activity,False,0.1928748326793352,0
TXN0002824,ACCT000039,CUST000409,normal_activity,False,0.1928532881497547,0
TXN0001387,ACCT000683,CUST000085,normal_activity,False,0.1923865241786173,0
TXN0004306,ACCT000168,CUST000414,normal_activity,False,0.1910316021115123,0
TXN0004949,ACCT000156,CUST000110,normal_activity,False,0.19043753910399688,0
TXN0003588,ACCT000257,CUST000166,normal_activity,False,0.18773984186780887,0
TXN0003899,ACCT000113,CUST000320,normal_activity,False,0.18687197782128562,0
TXN0001019,ACCT000129,CUST000223,normal_activity,False,0.18685467125475416,0
TXN0000438,ACCT000096,CUST000177,normal_activity,False,0.18601935810911724,0
TXN0001225,ACCT000039,CUST000409,normal_activity,False,0.18430363198587113,0
TXN0003791,ACCT000049,CUST000110,normal_activity,False,0.18419609183774432,0
TXN0003762,ACCT000686,CUST000426,normal_activity,False,0.1838504696199692,0
TXN0003834,ACCT000366,CUST000282,normal_activity,False,0.18383707208078767,0
TXN0000174,ACCT000365,CUST000457,normal_activity,False,0.18318741817038842,0
TXN0003351,ACCT000261,CUST000063,normal_activity,False,0.18189773311676272,0
TXN0003450,ACCT000467,CUST000360,normal_activity,False,0.1814964831916524,0
TXN0002861,ACCT000103,CUST000005,normal_activity,False,0.17952687993482064,0
TXN0000585,ACCT000664,CUST000057,normal_activity,False,0.17941470580823923,0
TXN0003664,ACCT000511,CUST000199,normal_activity,False,0.17933234766121628,0
TXN0002211,ACCT000322,CUST000353,normal_activity,False,0.17824802978161924,0
TXN0004261,ACCT000360,CUST000349,normal_activity,False,0.177744178889438,0
TXN0004010,ACCT000446,CUST000065,normal_activity,False,0.17691184990529243,0
TXN0003858,ACCT000306,CUST000075,normal_activity,False,0.17649234244614265,0
TXN0003815,ACCT000299,CUST000282,normal_activity,False,0.1755766200336083,0
TXN0002403,ACCT000430,CUST000129,normal_activity,False,0.17543734471067507,0
TXN0000920,ACCT000189,CUST000380,normal_activity,False,0.17522399252511808,0
TXN0001587,ACCT000539,CUST000218,normal_activity,False,0.17398659003602493,0
TXN0000709,ACCT000573,CUST000359,normal_activity,False,0.17348633573212224,0
TXN0002510,ACCT000647,CUST000270,normal_activity,False,0.17343955314408074,0
TXN0000580,ACCT000413,CUST000345,normal_activity,False,0.17329536578447383,0
TXN0004991,ACCT000654,CUST000169,normal_activity,False,0.17213381523632942,0
TXN0001874,ACCT000576,CUST000003,normal_activity,False,0.17207997207252257,0
TXN0004743,ACCT000040,CUST000496,normal_activity,False,0.170924306370902,0
TXN0000843,ACCT000261,CUST000063,normal_activity,False,0.1708948998821064,0
TXN0004661,ACCT000354,CUST000343,normal_activity,False,0.1707687887523089,0
TXN0003759,ACCT000366,CUST000282,normal_activity,False,0.17029326718244353,0
TXN0002311,ACCT000530,CUST000140,normal_activity,False,0.16910936078292152,0
TXN0003016,ACCT000584,CUST000463,normal_activity,False,0.1689785275319532,0
TXN0003317,ACCT000218,CUST000374,normal_activity,False,0.16823285193912738,0
TXN0003196,ACCT000263,CUST000098,normal_activity,False,0.16809712106460184,0
TXN0000881,ACCT000081,CUST000270,normal_activity,False,0.16761467737308927,0
TXN0002122,ACCT000667,CUST000152,normal_activity,False,0.1674704657916411,0
TXN0004866,ACCT000471,CUST000373,normal_activity,False,0.16732566558304005,0
TXN0002152,ACCT000264,CUST000047,normal_activity,False,0.16715449766085547,0
TXN0001700,ACCT000584,CUST000463,normal_activity,False,0.1668639026856804,0
TXN0001293,ACCT000294,CUST000488,normal_activity,False,0.16656760321557254,0
TXN0000610,ACCT000608,CUST000392,normal_activity,False,0.16642793263190517,0
TXN0003357,ACCT000530,CUST000140,normal_activity,False,0.16582972904013535,0
TXN0000042,ACCT000671,CUST000270,normal_activity,False,0.16450445137404063,0
TXN0002083,ACCT000188,CUST000123,normal_activity,False,0.16400352577637126,0
TXN0003329,ACCT000446,CUST000065,normal_activity,False,0.16306890691123838,0
TXN0003917,ACCT000366,CUST000282,normal_activity,False,0.16148644578090296,0
TXN0001047,ACCT000355,CUST000206,normal_activity,False,0.16137410716606426,0
TXN0002258,ACCT000502,CUST000415,normal_activity,False,0.16070825149569062,0
TXN0002705,ACCT000115,CUST000286,normal_activity,False,0.1606185934984031,0
TXN0001322,ACCT000345,CUST000437,normal_activity,False,0.16033759536904468,0
TXN0003012,ACCT000264,CUST000047,unusual_amount_spike,True,0.15946479228310254,0
TXN0001824,ACCT000039,CUST000409,normal_activity,False,0.1585742199012912,0
TXN0002801,ACCT000393,CUST000063,normal_activity,False,0.15763984648675364,0
TXN0001574,ACCT000544,CUST000372,normal_activity,False,0.15722764855807533,0
TXN0000389,ACCT000291,CUST000367,normal_activity,False,0.1566468754901209,0
TXN0004807,ACCT000515,CUST000268,normal_activity,False,0.15616923590057033,0
TXN0000834,ACCT000622,CUST000299,normal_activity,False,0.1545115009595266,0
TXN0004799,ACCT000216,CUST000216,normal_activity,False,0.1535883080247014,0
TXN0002469,ACCT000238,CUST000466,normal_activity,False,0.1526395436930024,0
TXN0000926,ACCT000381,CUST000078,normal_activity,False,0.15227239532988598,0
TXN0002893,ACCT000228,CUST000053,normal_activity,False,0.15011524980361893,0
TXN0002929,ACCT000272,CUST000111,normal_activity,False,0.14936736939709283,0
TXN0003714,ACCT000140,CUST000462,normal_activity,False,0.1492627005487675,0
TXN0001152,ACCT000046,CUST000444,normal_activity,False,0.1487402674701997,0
TXN0003530,ACCT000246,CUST000011,normal_activity,False,0.14853462167607076,0
TXN0001845,ACCT000386,CUST000408,normal_activity,False,0.14682948731379697,0
TXN0001477,ACCT000455,CUST000341,normal_activity,False,0.14666105909901697,0
TXN0001571,ACCT000116,CUST000366,normal_activity,False,0.14606619854161937,0
TXN0003857,ACCT000268,CUST000165,normal_activity,False,0.14468651493782614,0
TXN0000183,ACCT000016,CUST000350,normal_activity,False,0.14410496850526752,0
TXN0002703,ACCT000314,CUST000484,normal_activity,False,0.1433073015104383,0
TXN0004351,ACCT000606,CUST000325,normal_activity,False,0.14270562213217639,0
TXN0001042,ACCT000246,CUST000011,normal_activity,False,0.14268476432084498,0
TXN0003202,ACCT000471,CUST000373,normal_activity,False,0.141678177187879,0
TXN0000285,ACCT000682,CUST000438,normal_activity,False,0.1416064840692239,0
TXN0001396,ACCT000692,CUST000024,normal_activity,False,0.14111318257311067,0
TXN0004747,ACCT000100,CUST000386,normal_activity,False,0.13964458319356413,0
TXN0000866,ACCT000039,CUST000409,normal_activity,False,0.139568244732556,0
TXN0001395,ACCT000330,CUST000229,normal_activity,False,0.13953305145893188,0
TXN0000542,ACCT000675,CUST000233,normal_activity,False,0.1393566172139128,0
TXN0004082,ACCT000397,CUST000011,normal_activity,False,0.1393501083833409,0
TXN0004438,ACCT000273,CUST000205,normal_activity,False,0.13906280307812663,0
TXN0003636,ACCT000334,CUST000123,normal_activity,False,0.13797004520880884,0
TXN0004967,ACCT000207,CUST000206,normal_activity,False,0.13746483984315683,0
TXN0001947,ACCT000615,CUST000099,normal_activity,False,0.13736849392100206,0
TXN0003809,ACCT000294,CUST000488,normal_activity,False,0.13637467348051419,0
TXN0003145,ACCT000508,CUST000373,normal_activity,False,0.13605321470761647,0
TXN0001751,ACCT000355,CUST000206,normal_activity,False,0.13569229996676246,0
TXN0001623,ACCT000197,CUST000038,high_transaction_velocity,True,0.13474817609074208,0
TXN0004068,ACCT000110,CUST000060,normal_activity,False,0.13443097381143712,0
TXN0001301,ACCT000240,CUST000019,normal_activity,False,0.13403880083108755,0
TXN0001408,ACCT000430,CUST000129,normal_activity,False,0.13396802764214225,0
TXN0004202,ACCT000170,CUST000342,normal_activity,False,0.13373610512218317,0
TXN0000241,ACCT000173,CUST000477,normal_activity,False,0.1334229667294791,0
TXN0003506,ACCT000440,CUST000092,normal_activity,False,0.1333601867375398,0
TXN0001393,ACCT000687,CUST000196,normal_activity,False,0.13264649713411228,0
TXN0003409,ACCT000084,CUST000038,normal_activity,False,0.132332544373714,0
TXN0004735,ACCT000368,CUST000441,normal_activity,False,0.13194451492365356,0
TXN0000182,ACCT000205,CUST000156,normal_activity,False,0.1311079003591043,0
TXN0002931,ACCT000610,CUST000308,normal_activity,False,0.13070590086125816,0
TXN0001073,ACCT000084,CUST000038,normal_activity,False,0.1305859198629191,0
TXN0002467,ACCT000096,CUST000177,high_transaction_velocity,True,0.1301786272585811,0
TXN0001653,ACCT000306,CUST000075,normal_activity,False,0.12969945751812012,0
TXN0004641,ACCT000515,CUST000268,normal_activity,False,0.12926735218137936,0
TXN0000022,ACCT000273,CUST000205,normal_activity,False,0.1286994054710089,0
TXN0003218,ACCT000455,CUST000341,normal_activity,False,0.12752599097043088,0
TXN0004109,ACCT000677,CUST000373,normal_activity,False,0.12704915925119808,0
TXN0004171,ACCT000044,CUST000400,normal_activity,False,0.12617448755923302,0
TXN0000474,ACCT000363,CUST000289,normal_activity,False,0.1253301314140991,0
TXN0003951,ACCT000539,CUST000218,normal_activity,False,0.12526321764115467,0
TXN0003524,ACCT000238,CUST000466,normal_activity,False,0.12511277238719926,0
TXN0002339,ACCT000139,CUST000055,normal_activity,False,0.12472598701774437,0
TXN0004489,ACCT000281,CUST000097,normal_activity,False,0.12441379587508287,0
TXN0004715,ACCT000318,CUST000462,normal_activity,False,0.12401066128938716,0
TXN0000589,ACCT000336,CUST000428,normal_activity,False,0.12274403782881509,0
TXN0002782,ACCT000458,CUST000359,normal_activity,False,0.12168301917224228,0
TXN0004646,ACCT000270,CUST000275,normal_activity,False,0.12160789115051984,0
TXN0000394,ACCT000245,CUST000009,normal_activity,False,0.12141674652738772,0
TXN0003578,ACCT000353,CUST000128,normal_activity,False,0.12062851527268444,0
TXN0002910,ACCT000037,CUST000028,normal_activity,False,0.11998328080385957,0
TXN0000759,ACCT000593,CUST000088,normal_activity,False,0.11936264116420862,0
TXN0004722,ACCT000016,CUST000350,normal_activity,False,0.11903367220537081,0
TXN0002622,ACCT000319,CUST000197,normal_activity,False,0.11852497208990583,0
TXN0004288,ACCT000581,CUST000449,normal_activity,False,0.11785516519230102,0
TXN0003501,ACCT000257,CUST000166,normal_activity,False,0.11730069119284217,0
TXN0004887,ACCT000056,CUST000258,normal_activity,False,0.11718436256287008,0
TXN0004384,ACCT000297,CUST000435,normal_activity,False,0.1167252979413728,0
TXN0003663,ACCT000455,CUST000341,normal_activity,False,0.11649388889517577,0
TXN0000896,ACCT000344,CUST000004,normal_activity,False,0.11645979100187555,0
TXN0002541,ACCT000644,CUST000483,normal_activity,False,0.11643947587957623,0
TXN0003003,ACCT000437,CUST000080,normal_activity,False,0.1162150012581886,0
TXN0004559,ACCT000645,CUST000035,normal_activity,False,0.11478675122993623,0
TXN0001390,ACCT000487,CUST000457,normal_activity,False,0.11442565446615215,0
TXN0003700,ACCT000299,CUST000282,normal_activity,False,0.11442299183162274,0
TXN0002978,ACCT000658,CUST000305,normal_activity,False,0.11356850482335913,0
TXN0002770,ACCT000437,CUST000080,normal_activity,False,0.11323082264607925,0
TXN0004688,ACCT000526,CUST000382,normal_activity,False,0.11287397782369717,0
TXN0001686,ACCT000284,CUST000491,normal_activity,False,0.11274118769638419,0
TXN0001018,ACCT000008,CUST000041,normal_activity,False,0.11205829044276712,0
TXN0003817,ACCT000642,CUST000009,normal_activity,False,0.11190812204697716,0
TXN0000982,ACCT000585,CUST000337,normal_activity,False,0.11169958103825867,0
TXN0004496,ACCT000428,CUST000297,normal_activity,False,0.11055606270535066,0
TXN0001375,ACCT000695,CUST000161,normal_activity,False,0.10993773081493602,0
TXN0000596,ACCT000471,CUST000373,normal_activity,False,0.10970421938092968,0
TXN0000733,ACCT000581,CUST000449,normal_activity,False,0.10926035336286316,0
TXN0003739,ACCT000241,CUST000376,normal_activity,False,0.1086151341720256,0
TXN0000117,ACCT000574,CUST000309,normal_activity,False,0.10780422986272165,0
TXN0002408,ACCT000694,CUST000042,normal_activity,False,0.10706193879184525,0
TXN0004475,ACCT000584,CUST000463,normal_activity,False,0.1068611369518154,0
TXN0001026,ACCT000393,CUST000063,normal_activity,False,0.10660925711992762,0
TXN0003593,ACCT000547,CUST000057,normal_activity,False,0.10593786284522165,0
TXN0001429,ACCT000675,CUST000233,normal_activity,False,0.10581320380292043,0
TXN0004303,ACCT000277,CUST000199,normal_activity,False,0.10537192159054373,0
TXN0000373,ACCT000233,CUST000422,normal_activity,False,0.10496126423680566,0
TXN0000038,ACCT000186,CUST000220,normal_activity,False,0.10449086850325813,0
TXN0000103,ACCT000170,CUST000342,normal_activity,False,0.10435714739321134,0
TXN0001358,ACCT000559,CUST000321,normal_activity,False,0.10423725218215518,0
TXN0001196,ACCT000502,CUST000415,normal_activity,False,0.10336030044998074,0
TXN0001859,ACCT000083,CUST000355,normal_activity,False,0.10285234884104213,0
TXN0001993,ACCT000241,CUST000376,normal_activity,False,0.10248122810191912,0
TXN0001906,ACCT000436,CUST000142,normal_activity,False,0.10228040513454753,0
TXN0004378,ACCT000440,CUST000092,normal_activity,False,0.10207359094538633,0
TXN0000289,ACCT000298,CUST000312,normal_activity,False,0.10157643351026138,0
TXN0001842,ACCT000067,CUST000111,normal_activity,False,0.10124130777030999,0
TXN0000668,ACCT000683,CUST000085,normal_activity,False,0.1012167442939117,0
TXN0004742,ACCT000695,CUST000161,normal_activity,False,0.10117636411311044,0
TXN0001174,ACCT000099,CUST000377,normal_activity,False,0.1009467381308106,0
TXN0000539,ACCT000426,CUST000051,normal_activity,False,0.10082936018127416,0
TXN0003769,ACCT000080,CUST000193,normal_activity,False,0.1008222579214562,0
TXN0002716,ACCT000501,CUST000310,normal_activity,False,0.10074144778068427,0
TXN0001444,ACCT000039,CUST000409,normal_activity,False,0.10074072480267818,0
TXN0004896,ACCT000161,CUST000065,normal_activity,False,0.10058034236687793,0
TXN0003684,ACCT000362,CUST000298,normal_activity,False,0.10009843539107773,0
TXN0003005,ACCT000696,CUST000196,normal_activity,False,0.09974739513796883,0
TXN0001581,ACCT000550,CUST000158,normal_activity,False,0.09920556311724979,0
TXN0002105,ACCT000145,CUST000305,normal_activity,False,0.09836460322999549,0
TXN0003581,ACCT000010,CUST000442,normal_activity,False,0.09808674724847484,0
TXN0004140,ACCT000121,CUST000011,normal_activity,False,0.09785693491462177,0
TXN0000890,ACCT000576,CUST000003,normal_activity,False,0.09751683804463833,0
TXN0004669,ACCT000127,CUST000210,normal_activity,False,0.09714170673045858,0
TXN0004236,ACCT000587,CUST000223,normal_activity,False,0.09701623238763724,0
TXN0003776,ACCT000208,CUST000161,normal_activity,False,0.09700772713471147,0
TXN0002437,ACCT000363,CUST000289,normal_activity,False,0.09651129757193255,0
TXN0004300,ACCT000591,CUST000106,normal_activity,False,0.09646968143525975,0
TXN0001177,ACCT000475,CUST000482,normal_activity,False,0.09644344718402405,0
TXN0003372,ACCT000458,CUST000359,normal_activity,False,0.09616313523023655,0
TXN0004044,ACCT000195,CUST000294,high_transaction_velocity,True,0.09576099683524168,0
TXN0004580,ACCT000580,CUST000318,normal_activity,False,0.09571604046779675,0
TXN0000142,ACCT000319,CUST000197,normal_activity,False,0.09546051159263365,0
TXN0001570,ACCT000606,CUST000325,normal_activity,False,0.09520850969090389,0
TXN0004906,ACCT000285,CUST000285,normal_activity,False,0.09435854250977298,0
TXN0000671,ACCT000161,CUST000065,normal_activity,False,0.09424998357546145,0
TXN0002275,ACCT000608,CUST000392,normal_activity,False,0.09396866194316984,0
TXN0002752,ACCT000233,CUST000422,normal_activity,False,0.0937766936095843,0
TXN0000040,ACCT000249,CUST000462,normal_activity,False,0.09377221274745737,0
TXN0000945,ACCT000106,CUST000031,normal_activity,False,0.0936007845807825,0
TXN0000853,ACCT000073,CUST000120,normal_activity,False,0.09320111851305148,0
TXN0004782,ACCT000198,CUST000384,normal_activity,False,0.0930815593865693,0
TXN0000777,ACCT000375,CUST000356,normal_activity,False,0.09305875727708618,0
TXN0001457,ACCT000639,CUST000033,normal_activity,False,0.09296241468075328,0
TXN0003418,ACCT000599,CUST000395,normal_activity,False,0.09295530220023414,0
TXN0000812,ACCT000114,CUST000165,normal_activity,False,0.09291900894282587,0
TXN0003061,ACCT000458,CUST000359,normal_activity,False,0.09287078198614628,0
TXN0004635,ACCT000084,CUST000038,normal_activity,False,0.0926141238888656,0
TXN0001709,ACCT000542,CUST000197,normal_activity,False,0.09211172341682475,0
TXN0004872,ACCT000145,CUST000305,normal_activity,False,0.09178712236839846,0
TXN0000753,ACCT000557,CUST000003,normal_activity,False,0.09072782963427158,0
TXN0001980,ACCT000132,CUST000280,high_transaction_velocity,True,0.09058984702523029,0
TXN0002694,ACCT000287,CUST000323,normal_activity,False,0.09000442567251637,0
TXN0004677,ACCT000085,CUST000230,normal_activity,False,0.08977921162113289,0
TXN0003079,ACCT000072,CUST000346,normal_activity,False,0.08953278675792982,0
TXN0002818,ACCT000233,CUST000422,normal_activity,False,0.08945323585291523,0
TXN0001748,ACCT000544,CUST000372,normal_activity,False,0.08942559378097349,0
TXN0002242,ACCT000520,CUST000376,normal_activity,False,0.08938630961837993,0
TXN0000811,ACCT000297,CUST000435,normal_activity,False,0.08911495186276058,0
TXN0003597,ACCT000394,CUST000163,normal_activity,False,0.08895435951034021,0
TXN0001394,ACCT000012,CUST000399,normal_activity,False,0.08856183079607471,0
TXN0001662,ACCT000475,CUST000482,normal_activity,False,0.08826772945476424,0
TXN0004149,ACCT000283,CUST000442,normal_activity,False,0.08821887023559861,0
TXN0004454,ACCT000258,CUST000265,normal_activity,False,0.08803228046933365,0
TXN0000684,ACCT000205,CUST000156,normal_activity,False,0.08778664017733642,0
TXN0001425,ACCT000647,CUST000270,normal_activity,False,0.08775293988720141,0
TXN0002525,ACCT000158,CUST000407,normal_activity,False,0.08648149993298203,0
TXN0004631,ACCT000345,CUST000437,normal_activity,False,0.08593423326906101,0
TXN0003248,ACCT000008,CUST000041,normal_activity,False,0.08586150185463563,0
TXN0001818,ACCT000324,CUST000075,normal_activity,False,0.08544820604966841,0
TXN0004838,ACCT000429,CUST000057,normal_activity,False,0.08505435981149943,0
TXN0004762,ACCT000325,CUST000259,normal_activity,False,0.08481801623426419,0
TXN0003438,ACCT000073,CUST000120,normal_activity,False,0.08464873514320599,0
TXN0000450,ACCT000170,CUST000342,normal_activity,False,0.08461615579741913,0
TXN0001148,ACCT000673,CUST000465,normal_activity,False,0.08421862294331657,0
TXN0003657,ACCT000580,CUST000318,normal_activity,False,0.0839838871577875,0
TXN0000556,ACCT000365,CUST000457,normal_activity,False,0.08397149014428135,0
TXN0004339,ACCT000490,CUST000282,normal_activity,False,0.08391671871335032,0
TXN0002325,ACCT000017,CUST000263,normal_activity,False,0.08377670313700741,0
TXN0000872,ACCT000415,CUST000263,normal_activity,False,0.08352480002558639,0
TXN0004193,ACCT000312,CUST000325,normal_activity,False,0.08337316466470993,0
TXN0004064,ACCT000361,CUST000258,normal_activity,False,0.0830590203578721,0
TXN0003294,ACCT000467,CUST000360,normal_activity,False,0.08291841853475095,0
TXN0000761,ACCT000136,CUST000299,normal_activity,False,0.08277022521532479,0
TXN0004886,ACCT000695,CUST000161,normal_activity,False,0.08276904845304467,0
TXN0003056,ACCT000101,CUST000169,normal_activity,False,0.0827629307014443,0
TXN0001234,ACCT000539,CUST000218,normal_activity,False,0.08259827972915015,0
TXN0002183,ACCT000090,CUST000424,normal_activity,False,0.08250655044486083,0
TXN0001796,ACCT000372,CUST000236,normal_activity,False,0.08231663418032574,0
TXN0001103,ACCT000412,CUST000169,normal_activity,False,0.08218845024574091,0
TXN0003969,ACCT000696,CUST000196,normal_activity,False,0.0820175730944078,0
TXN0002711,ACCT000447,CUST000131,normal_activity,False,0.0815086532086875,0
TXN0001155,ACCT000089,CUST000405,normal_activity,False,0.08149805445573328,0
TXN0004244,ACCT000647,CUST000270,normal_activity,False,0.08142394113319672,0
TXN0000108,ACCT000508,CUST000373,normal_activity,False,0.08130372688218163,0
TXN0004808,ACCT000182,CUST000394,normal_activity,False,0.0812858629492329,0
TXN0003095,ACCT000314,CUST000484,normal_activity,False,0.08118486665851098,0
TXN0002207,ACCT000210,CUST000380,normal_activity,False,0.08115881359862707,0
TXN0000730,ACCT000580,CUST000318,high_transaction_velocity,True,0.08105759879077339,0
TXN0000151,ACCT000166,CUST000232,normal_activity,False,0.08090812135956416,0
TXN0004973,ACCT000133,CUST000261,normal_activity,False,0.08078233168657095,0
TXN0003319,ACCT000422,CUST000399,normal_activity,False,0.08062301880552243,0
TXN0002054,ACCT000330,CUST000229,normal_activity,False,0.0796458456478415,0
TXN0003565,ACCT000066,CUST000319,normal_activity,False,0.07943591154636558,0
TXN0000924,ACCT000615,CUST000099,normal_activity,False,0.07942288133083987,0
TXN0002827,ACCT000651,CUST000006,normal_activity,False,0.07897952198882485,0
TXN0004380,ACCT000153,CUST000029,normal_activity,False,0.07895874426865807,0
TXN0001132,ACCT000647,CUST000270,high_risk_jurisdiction_exposure,True,0.07875702032273198,0
TXN0001634,ACCT000236,CUST000279,normal_activity,False,0.07861179740555123,0
TXN0000488,ACCT000200,CUST000189,normal_activity,False,0.07802886297817063,0
TXN0001841,ACCT000035,CUST000045,normal_activity,False,0.07786756760039813,0
TXN0000937,ACCT000158,CUST000407,normal_activity,False,0.0775124766846673,0
TXN0000276,ACCT000433,CUST000170,normal_activity,False,0.07749804213559777,0
TXN0001243,ACCT000651,CUST000006,normal_activity,False,0.07741741075053941,0
TXN0000242,ACCT000369,CUST000463,normal_activity,False,0.07736818218207069,0
TXN0004086,ACCT000651,CUST000006,normal_activity,False,0.07724965902434684,0
TXN0000608,ACCT000429,CUST000057,normal_activity,False,0.07668020939329888,0
TXN0002566,ACCT000227,CUST000262,normal_activity,False,0.07663142656200612,0
TXN0003558,ACCT000196,CUST000033,normal_activity,False,0.07661600887392322,0
TXN0003162,ACCT000549,CUST000088,normal_activity,False,0.07658411789853714,0
TXN0003687,ACCT000424,CUST000485,normal_activity,False,0.07648439174519758,0
TXN0003305,ACCT000352,CUST000295,normal_activity,False,0.07646670154507305,0
TXN0001986,ACCT000457,CUST000109,normal_activity,False,0.0761787656210484,0
TXN0001366,ACCT000087,CUST000112,normal_activity,False,0.07574468522164558,0
TXN0003923,ACCT000388,CUST000085,normal_activity,False,0.07562702298637639,0
TXN0000002,ACCT000072,CUST000346,normal_activity,False,0.07562112649943263,0
TXN0000770,ACCT000047,CUST000078,normal_activity,False,0.07560400499806968,0
TXN0004272,ACCT000194,CUST000117,normal_activity,False,0.07544900547082899,0
TXN0002684,ACCT000450,CUST000253,normal_activity,False,0.07535245799633833,0
TXN0003122,ACCT000037,CUST000028,normal_activity,False,0.07527028135224133,0
TXN0003212,ACCT000509,CUST000035,normal_activity,False,0.0745642379500645,0
TXN0004446,ACCT000426,CUST000051,normal_activity,False,0.0742755039847408,0
TXN0003878,ACCT000241,CUST000376,normal_activity,False,0.07378687877580224,0
TXN0002049,ACCT000051,CUST000302,normal_activity,False,0.07338471953000164,0
TXN0004788,ACCT000249,CUST000462,normal_activity,False,0.07333968776186299,0
TXN0001857,ACCT000333,CUST000412,normal_activity,False,0.07309339408845614,0
TXN0000985,ACCT000596,CUST000322,normal_activity,False,0.07295731118623625,0
TXN0002278,ACCT000252,CUST000109,normal_activity,False,0.07233233993698479,0
TXN0002548,ACCT000031,CUST000296,normal_activity,False,0.0722168043506656,0
TXN0000069,ACCT000428,CUST000297,normal_activity,False,0.07148473168876021,0
TXN0001254,ACCT000585,CUST000337,normal_activity,False,0.07129748362202043,0
TXN0003525,ACCT000623,CUST000402,normal_activity,False,0.07095945412516311,0
TXN0003321,ACCT000065,CUST000047,normal_activity,False,0.07072756807604716,0
TXN0000723,ACCT000129,CUST000223,normal_activity,False,0.07053205648740611,0
TXN0003804,ACCT000504,CUST000298,normal_activity,False,0.07005289394201204,0
TXN0004455,ACCT000092,CUST000290,normal_activity,False,0.0697439523816586,0
TXN0004119,ACCT000130,CUST000015,normal_activity,False,0.06965413010338094,0
TXN0004037,ACCT000539,CUST000218,normal_activity,False,0.0695007887337252,0
TXN0004768,ACCT000129,CUST000223,normal_activity,False,0.0693296726327907,0
TXN0001228,ACCT000389,CUST000332,normal_activity,False,0.06932433740079544,0
TXN0002873,ACCT000247,CUST000217,normal_activity,False,0.0693171714422335,0
TXN0003637,ACCT000267,CUST000155,normal_activity,False,0.06901968259330145,0
TXN0001203,ACCT000694,CUST000042,normal_activity,False,0.06862580358410107,0
TXN0003893,ACCT000487,CUST000457,normal_activity,False,0.06857694477354732,0
TXN0003685,ACCT000387,CUST000496,normal_activity,False,0.06848157361532513,0
TXN0002988,ACCT000441,CUST000128,normal_activity,False,0.06817856695762589,0
TXN0003947,ACCT000175,CUST000248,normal_activity,False,0.06805502174038786,0
TXN0004463,ACCT000211,CUST000137,normal_activity,False,0.06789805311834217,0
TXN0001933,ACCT000310,CUST000190,normal_activity,False,0.06787253177452246,0
TXN0002848,ACCT000506,CUST000123,normal_activity,False,0.06778322140448828,0
TXN0003144,ACCT000134,CUST000142,normal_activity,False,0.06764271503947142,0
TXN0001801,ACCT000699,CUST000080,normal_activity,False,0.06760798621794153,0
TXN0001154,ACCT000629,CUST000160,normal_activity,False,0.06735738607346567,0
TXN0000642,ACCT000631,CUST000036,normal_activity,False,0.06716213839596126,0
TXN0004882,ACCT000092,CUST000290,normal_activity,False,0.06711896781412355,0
TXN0000654,ACCT000249,CUST000462,normal_activity,False,0.06703476753751922,0
TXN0001048,ACCT000602,CUST000444,normal_activity,False,0.06679242534595888,0
TXN0001814,ACCT000365,CUST000457,normal_activity,False,0.06668532730120234,0
TXN0000237,ACCT000551,CUST000208,normal_activity,False,0.06626733945540098,0
TXN0004059,ACCT000361,CUST000258,normal_activity,False,0.06561971940964101,0
TXN0003232,ACCT000677,CUST000373,normal_activity,False,0.06534537355866704,0
TXN0003789,ACCT000485,CUST000071,normal_activity,False,0.065327918525821,0
TXN0000714,ACCT000635,CUST000326,normal_activity,False,0.06492603478589622,0
TXN0002190,ACCT000024,CUST000460,normal_activity,False,0.0644775291832507,0
TXN0003358,ACCT000677,CUST000373,normal_activity,False,0.06438437438556503,0
TXN0004868,ACCT000458,CUST000359,normal_activity,False,0.06434488221100962,0
TXN0000498,ACCT000259,CUST000269,normal_activity,False,0.06372973141956814,0
TXN0003309,ACCT000499,CUST000377,normal_activity,False,0.06338454045625401,0
TXN0004596,ACCT000123,CUST000101,normal_activity,False,0.06329331347262944,0
TXN0002557,ACCT000129,CUST000223,normal_activity,False,0.06321978867377465,0
TXN0002265,ACCT000412,CUST000169,high_transaction_velocity,True,0.06313030044408778,0
TXN0004990,ACCT000008,CUST000041,normal_activity,False,0.06311583796582851,0
TXN0003472,ACCT000668,CUST000391,normal_activity,False,0.06295253043182937,0
TXN0000111,ACCT000155,CUST000123,normal_activity,False,0.06280341647815946,0
TXN0004122,ACCT000396,CUST000400,normal_activity,False,0.06246845159407226,0
TXN0001031,ACCT000654,CUST000169,normal_activity,False,0.06244453365436265,0
TXN0004556,ACCT000548,CUST000286,normal_activity,False,0.06225267003012768,0
TXN0001051,ACCT000133,CUST000261,normal_activity,False,0.06176546101618882,0
TXN0000316,ACCT000389,CUST000332,normal_activity,False,0.06167385230934537,0
TXN0000226,ACCT000460,CUST000438,normal_activity,False,0.061503843103932226,0
TXN0004549,ACCT000159,CUST000262,high_transaction_velocity,True,0.061362964984190825,0
TXN0001805,ACCT000549,CUST000088,normal_activity,False,0.06134238003606156,0
TXN0002495,ACCT000524,CUST000445,normal_activity,False,0.06060506700504266,0
TXN0000784,ACCT000083,CUST000355,normal_activity,False,0.06014474255197161,0
TXN0004255,ACCT000400,CUST000438,normal_activity,False,0.06010139491334388,0
TXN0002030,ACCT000341,CUST000390,normal_activity,False,0.06007044014095856,0
TXN0001739,ACCT000395,CUST000270,normal_activity,False,0.059987046939835406,0
TXN0001407,ACCT000558,CUST000302,normal_activity,False,0.05998425174701252,0
TXN0000760,ACCT000420,CUST000458,normal_activity,False,0.05996627833464766,0
TXN0004224,ACCT000201,CUST000312,normal_activity,False,0.05981067324542838,0
TXN0000838,ACCT000367,CUST000360,high_transaction_velocity,True,0.05980897186792291,0
TXN0001846,ACCT000415,CUST000263,normal_activity,False,0.059725341982419064,0
TXN0001642,ACCT000551,CUST000208,normal_activity,False,0.05970924525801839,0
TXN0001718,ACCT000102,CUST000500,normal_activity,False,0.05866627351860063,0
TXN0003627,ACCT000529,CUST000265,normal_activity,False,0.05836118244339969,0
TXN0004683,ACCT000577,CUST000151,normal_activity,False,0.058306956640049167,0
TXN0000972,ACCT000200,CUST000189,normal_activity,False,0.05822955722978407,0
TXN0003786,ACCT000654,CUST000169,normal_activity,False,0.058153788780999305,0
TXN0004995,ACCT000238,CUST000466,normal_activity,False,0.05811695391276943,0
TXN0003098,ACCT000646,CUST000408,normal_activity,False,0.05782065091131985,0
TXN0004204,ACCT000508,CUST000373,normal_activity,False,0.057782929566737674,0
TXN0000205,ACCT000481,CUST000303,normal_activity,False,0.05773267614820305,0
TXN0004320,ACCT000592,CUST000488,normal_activity,False,0.05738874417182218,0
TXN0004325,ACCT000166,CUST000232,normal_activity,False,0.057261063108418914,0
TXN0001151,ACCT000572,CUST000354,normal_activity,False,0.057256349322677785,0
TXN0001746,ACCT000333,CUST000412,normal_activity,False,0.057242295562658224,0
TXN0002238,ACCT000689,CUST000065,normal_activity,False,0.05715407507385644,0
TXN0002702,ACCT000026,CUST000051,normal_activity,False,0.056828931100744655,0
TXN0002627,ACCT000202,CUST000191,normal_activity,False,0.05681977038985326,0
TXN0000343,ACCT000177,CUST000262,normal_activity,False,0.056439454050333876,0
TXN0004557,ACCT000652,CUST000454,normal_activity,False,0.05618466140378922,0
TXN0003014,ACCT000224,CUST000263,normal_activity,False,0.056165090589727816,0
TXN0003813,ACCT000049,CUST000110,normal_activity,False,0.05606345214895674,0
TXN0004989,ACCT000193,CUST000443,normal_activity,False,0.05549750318377828,0
TXN0001170,ACCT000234,CUST000206,normal_activity,False,0.05462861321177748,0
TXN0000083,ACCT000294,CUST000488,normal_activity,False,0.05439296939101445,0
TXN0002073,ACCT000619,CUST000253,normal_activity,False,0.05436348216314005,0
TXN0003656,ACCT000192,CUST000294,normal_activity,False,0.05403814675867675,0
TXN0000991,ACCT000365,CUST000457,normal_activity,False,0.05375630014482826,0
TXN0000951,ACCT000630,CUST000187,normal_activity,False,0.05372565064038236,0
TXN0001745,ACCT000087,CUST000112,normal_activity,False,0.05362381607352389,0
TXN0001180,ACCT000205,CUST000156,normal_activity,False,0.053516906003717495,0
TXN0000988,ACCT000387,CUST000496,normal_activity,False,0.05344555136679052,0
TXN0003569,ACCT000281,CUST000097,normal_activity,False,0.053342186612485104,0
TXN0001798,ACCT000574,CUST000309,normal_activity,False,0.05332606722630734,0
TXN0000899,ACCT000644,CUST000483,normal_activity,False,0.053076467933773436,0
TXN0002080,ACCT000012,CUST000399,normal_activity,False,0.053039296871017494,0
TXN0004002,ACCT000653,CUST000329,normal_activity,False,0.05294363123851909,0
TXN0000332,ACCT000093,CUST000264,normal_activity,False,0.05268530320631986,0
TXN0001452,ACCT000555,CUST000425,normal_activity,False,0.052681356064895796,0
TXN0004859,ACCT000065,CUST000047,normal_activity,False,0.052507442929277635,0
TXN0003217,ACCT000668,CUST000391,normal_activity,False,0.052245596085212245,0
TXN0003612,ACCT000529,CUST000265,normal_activity,False,0.051833400604219856,0
TXN0000849,ACCT000102,CUST000500,normal_activity,False,0.051606239271617955,0
TXN0001428,ACCT000087,CUST000112,normal_activity,False,0.0514665864237304,0
TXN0000012,ACCT000410,CUST000259,normal_activity,False,0.0514008264424832,0
TXN0002260,ACCT000584,CUST000463,normal_activity,False,0.05121160092265765,0
TXN0003261,ACCT000041,CUST000143,normal_activity,False,0.050985955230230855,0
TXN0003485,ACCT000020,CUST000263,normal_activity,False,0.05020424614128322,0
TXN0003459,ACCT000504,CUST000298,normal_activity,False,0.050074256414921595,0
TXN0004818,ACCT000376,CUST000043,normal_activity,False,0.04989563834722198,0
TXN0004514,ACCT000019,CUST000284,normal_activity,False,0.049754403037446854,0
TXN0003827,ACCT000283,CUST000442,normal_activity,False,0.049282413171481305,0
TXN0003894,ACCT000596,CUST000322,normal_activity,False,0.048842255681240884,0
TXN0002866,ACCT000121,CUST000011,normal_activity,False,0.04856932961236889,0
TXN0000592,ACCT000572,CUST000354,normal_activity,False,0.04826789465396484,0
TXN0003127,ACCT000554,CUST000134,normal_activity,False,0.04800967303195442,0
TXN0004773,ACCT000450,CUST000253,normal_activity,False,0.047975380805850815,0
TXN0000256,ACCT000644,CUST000483,high_transaction_velocity,True,0.047802404056039006,0
TXN0000697,ACCT000163,CUST000431,normal_activity,False,0.04771568727063407,0
TXN0002902,ACCT000060,CUST000068,normal_activity,False,0.04759408398965198,0
TXN0004481,ACCT000265,CUST000158,normal_activity,False,0.04750031631602678,0
TXN0002999,ACCT000316,CUST000029,normal_activity,False,0.0474728716931507,0
TXN0000767,ACCT000163,CUST000431,normal_activity,False,0.047441874016491595,0
TXN0002985,ACCT000387,CUST000496,normal_activity,False,0.04735098874519086,0
TXN0002057,ACCT000653,CUST000329,normal_activity,False,0.04717276873236061,0
TXN0000833,ACCT000255,CUST000073,normal_activity,False,0.047158647552536924,0
TXN0004694,ACCT000675,CUST000233,normal_activity,False,0.04708384039581622,0
TXN0000478,ACCT000388,CUST000085,normal_activity,False,0.04687317239430536,0
TXN0004372,ACCT000485,CUST000071,normal_activity,False,0.04669846424822571,0
TXN0004189,ACCT000140,CUST000462,normal_activity,False,0.04666082628867933,0
TXN0000191,ACCT000547,CUST000057,normal_activity,False,0.046451261671934085,0
TXN0002657,ACCT000609,CUST000304,normal_activity,False,0.04608641888452034,0
TXN0000658,ACCT000060,CUST000068,normal_activity,False,0.04594345903099683,0
TXN0004791,ACCT000566,CUST000127,normal_activity,False,0.045646185980338,0
TXN0004139,ACCT000339,CUST000139,normal_activity,False,0.045638468046065625,0
TXN0002203,ACCT000491,CUST000025,normal_activity,False,0.04558694963149447,0
TXN0000914,ACCT000161,CUST000065,normal_activity,False,0.04539356283772164,0
TXN0003287,ACCT000560,CUST000189,normal_activity,False,0.04520587423113001,0
TXN0003454,ACCT000500,CUST000050,normal_activity,False,0.04510480729229432,0
TXN0001233,ACCT000449,CUST000468,normal_activity,False,0.04507320759634596,0
TXN0002986,ACCT000155,CUST000123,normal_activity,False,0.044987431889274274,0
TXN0001871,ACCT000629,CUST000160,normal_activity,False,0.044752447172766795,0
TXN0003829,ACCT000460,CUST000438,normal_activity,False,0.04473144836370118,0
TXN0002307,ACCT000310,CUST000190,normal_activity,False,0.04468666495435578,0
TXN0001171,ACCT000549,CUST000088,normal_activity,False,0.044641026541790654,0
TXN0001071,ACCT000398,CUST000479,normal_activity,False,0.04439364459396505,0
TXN0004051,ACCT000696,CUST000196,normal_activity,False,0.044379422474494105,0
TXN0000802,ACCT000515,CUST000268,normal_activity,False,0.04408889744506648,0
TXN0001262,ACCT000093,CUST000264,normal_activity,False,0.04403517997478576,0
TXN0004223,ACCT000144,CUST000340,normal_activity,False,0.04398028814527761,0
TXN0001536,ACCT000514,CUST000295,normal_activity,False,0.04389279091728338,0
TXN0001229,ACCT000069,CUST000158,normal_activity,False,0.043809665631144315,0
TXN0002071,ACCT000423,CUST000328,normal_activity,False,0.043732390215199105,0
TXN0003157,ACCT000212,CUST000470,normal_activity,False,0.04354995933449688,0
TXN0002542,ACCT000494,CUST000328,normal_activity,False,0.043149232042231596,0
TXN0001848,ACCT000216,CUST000216,normal_activity,False,0.04310453618004418,0
TXN0004679,ACCT000450,CUST000253,normal_activity,False,0.042986797864512975,0
TXN0004238,ACCT000199,CUST000360,normal_activity,False,0.042962727759486376,0
TXN0000909,ACCT000478,CUST000081,normal_activity,False,0.04267196350409849,0
TXN0003142,ACCT000630,CUST000187,normal_activity,False,0.042651090384758505,0
TXN0003977,ACCT000464,CUST000140,normal_activity,False,0.04218762085002208,0
TXN0002097,ACCT000151,CUST000465,normal_activity,False,0.04210820193399237,0
TXN0001403,ACCT000500,CUST000050,normal_activity,False,0.04177890109722389,0
TXN0004564,ACCT000300,CUST000211,normal_activity,False,0.04174301693034682,0
TXN0001468,ACCT000510,CUST000043,normal_activity,False,0.04172409404880321,0
TXN0002223,ACCT000123,CUST000101,normal_activity,False,0.04150467859279443,0
TXN0001858,ACCT000491,CUST000025,normal_activity,False,0.040851430953360295,0
TXN0003909,ACCT000349,CUST000302,normal_activity,False,0.04083836471387554,0
TXN0002081,ACCT000423,CUST000328,normal_activity,False,0.04071639407078166,0
TXN0004083,ACCT000024,CUST000460,normal_activity,False,0.04064852830553131,0
TXN0001310,ACCT000525,CUST000245,normal_activity,False,0.04045398345124672,0
TXN0004528,ACCT000673,CUST000465,normal_activity,False,0.04031774447320067,0
TXN0004632,ACCT000586,CUST000383,normal_activity,False,0.04019173772492866,0
TXN0001197,ACCT000313,CUST000150,normal_activity,False,0.04017517277597445,0
TXN0003405,ACCT000107,CUST000226,normal_activity,False,0.04011548782938618,0
TXN0003605,ACCT000104,CUST000247,normal_activity,False,0.040092556422471365,0
TXN0003493,ACCT000313,CUST000150,normal_activity,False,0.0400106461512345,0
TXN0001511,ACCT000449,CUST000468,normal_activity,False,0.03974117268789174,0
TXN0003214,ACCT000370,CUST000334,normal_activity,False,0.039652925229943785,0
TXN0004740,ACCT000160,CUST000369,normal_activity,False,0.03943622291291649,0
TXN0004198,ACCT000554,CUST000134,normal_activity,False,0.03939092026374002,0
TXN0001560,ACCT000389,CUST000332,normal_activity,False,0.03929588627798549,0
TXN0003112,ACCT000300,CUST000211,normal_activity,False,0.03894643572001306,0
TXN0001437,ACCT000291,CUST000367,normal_activity,False,0.038622971847847284,0
TXN0002059,ACCT000439,CUST000497,normal_activity,False,0.038576394810623145,0
TXN0004605,ACCT000634,CUST000205,normal_activity,False,0.03851678355930198,0
TXN0004595,ACCT000466,CUST000050,normal_activity,False,0.03845253642531117,0
TXN0004976,ACCT000678,CUST000274,normal_activity,False,0.03836348958309508,0
TXN0004429,ACCT000585,CUST000337,normal_activity,False,0.03832483401523225,0
TXN0002593,ACCT000436,CUST000142,normal_activity,False,0.03816427675794309,0
TXN0001289,ACCT000289,CUST000273,normal_activity,False,0.03792375716370139,0
TXN0002144,ACCT000427,CUST000372,normal_activity,False,0.03782995484163377,0
TXN0004367,ACCT000625,CUST000070,normal_activity,False,0.03777518767515294,0
TXN0000215,ACCT000427,CUST000372,normal_activity,False,0.0376697927006645,0
TXN0004196,ACCT000410,CUST000259,normal_activity,False,0.037573408587703645,0
TXN0001399,ACCT000312,CUST000325,normal_activity,False,0.03742464226560964,0
TXN0001460,ACCT000422,CUST000399,normal_activity,False,0.03740750311668592,0
TXN0004523,ACCT000646,CUST000408,normal_activity,False,0.037325685954450245,0
TXN0001016,ACCT000613,CUST000231,normal_activity,False,0.037246430910370575,0
TXN0002704,ACCT000629,CUST000160,normal_activity,False,0.03706073102407586,0
TXN0002728,ACCT000504,CUST000298,normal_activity,False,0.036837680302169565,0
TXN0003152,ACCT000133,CUST000261,normal_activity,False,0.036733143120487685,0
TXN0004207,ACCT000396,CUST000400,normal_activity,False,0.03650372315937368,0
TXN0001829,ACCT000512,CUST000388,normal_activity,False,0.036190487991440444,0
TXN0004275,ACCT000247,CUST000217,normal_activity,False,0.03615429395647358,0
TXN0000744,ACCT000496,CUST000106,normal_activity,False,0.03609310315167551,0
TXN0003050,ACCT000278,CUST000055,normal_activity,False,0.03583796717100302,0
TXN0000742,ACCT000051,CUST000302,normal_activity,False,0.03561389813705237,0
TXN0000808,ACCT000125,CUST000104,normal_activity,False,0.03543830001776836,0
TXN0000625,ACCT000473,CUST000249,normal_activity,False,0.03540401501895868,0
TXN0002355,ACCT000687,CUST000196,normal_activity,False,0.03516294900702369,0
TXN0004157,ACCT000379,CUST000329,normal_activity,False,0.034976564511334,0
TXN0003547,ACCT000075,CUST000357,normal_activity,False,0.034798704136884344,0
TXN0003984,ACCT000104,CUST000247,normal_activity,False,0.034472123342311575,0
TXN0000789,ACCT000213,CUST000232,normal_activity,False,0.034374386180773014,0
TXN0004927,ACCT000373,CUST000369,normal_activity,False,0.034321194169964334,0
TXN0000614,ACCT000560,CUST000189,normal_activity,False,0.03411255713073494,0
TXN0004431,ACCT000527,CUST000225,normal_activity,False,0.03391059960195686,0
TXN0003638,ACCT000193,CUST000443,normal_activity,False,0.033876450500317026,0
TXN0000560,ACCT000528,CUST000350,normal_activity,False,0.03387066655419511,0
TXN0004674,ACCT000077,CUST000290,normal_activity,False,0.03378796595507161,0
TXN0000469,ACCT000092,CUST000290,normal_activity,False,0.03377007484838834,0
TXN0002748,ACCT000389,CUST000332,normal_activity,False,0.03335558029547528,0
TXN0000017,ACCT000392,CUST000210,normal_activity,False,0.03331643067704573,0
TXN0000005,ACCT000058,CUST000130,normal_activity,False,0.033147615122061276,0
TXN0001220,ACCT000132,CUST000280,normal_activity,False,0.033124695852655726,0
TXN0003864,ACCT000070,CUST000109,normal_activity,False,0.03281415223284463,0
TXN0001311,ACCT000248,CUST000125,normal_activity,False,0.032690735847085095,0
TXN0003097,ACCT000459,CUST000306,normal_activity,False,0.032682600053767864,0
TXN0003517,ACCT000489,CUST000434,normal_activity,False,0.03225296842067981,0
TXN0003461,ACCT000613,CUST000231,normal_activity,False,0.03210411591358895,0
TXN0002832,ACCT000050,CUST000378,normal_activity,False,0.03196226544555607,0
TXN0003535,ACCT000548,CUST000286,normal_activity,False,0.03195667685455213,0
TXN0004495,ACCT000027,CUST000294,normal_activity,False,0.0317423868283804,0
TXN0002053,ACCT000617,CUST000422,normal_activity,False,0.03159157965044519,0
TXN0001985,ACCT000673,CUST000465,normal_activity,False,0.03151374733752494,0
TXN0000352,ACCT000196,CUST000033,normal_activity,False,0.031351618145335124,0
TXN0002121,ACCT000320,CUST000284,normal_activity,False,0.03133459324148103,0
TXN0000102,ACCT000317,CUST000204,normal_activity,False,0.031233899237095675,0
TXN0001272,ACCT000378,CUST000123,normal_activity,False,0.03114516826454385,0
TXN0004851,ACCT000038,CUST000421,normal_activity,False,0.031121955849029267,0
TXN0004567,ACCT000527,CUST000225,normal_activity,False,0.031077218149337497,0
TXN0003447,ACCT000485,CUST000071,normal_activity,False,0.030937281084154576,0
TXN0002322,ACCT000343,CUST000278,normal_activity,False,0.030931057120122573,0
TXN0004047,ACCT000445,CUST000127,normal_activity,False,0.030897367209275307,0
TXN0002029,ACCT000004,CUST000363,normal_activity,False,0.030731404081489833,0
TXN0001288,ACCT000036,CUST000338,normal_activity,False,0.030695119753329423,0
TXN0004071,ACCT000445,CUST000127,normal_activity,False,0.030576844687932314,0
TXN0000747,ACCT000625,CUST000070,normal_activity,False,0.030528337607900153,0
TXN0004206,ACCT000551,CUST000208,normal_activity,False,0.030477162283393918,0
TXN0003064,ACCT000448,CUST000466,normal_activity,False,0.030366253196089394,0
TXN0002552,ACCT000697,CUST000310,high_transaction_velocity,True,0.03035208700167833,0
TXN0002042,ACCT000552,CUST000071,normal_activity,False,0.030275768791653633,0
TXN0004225,ACCT000689,CUST000065,normal_activity,False,0.030222371238448738,0
TXN0001283,ACCT000041,CUST000143,normal_activity,False,0.030120455337652865,0
TXN0001304,ACCT000673,CUST000465,normal_activity,False,0.02997037500781097,0
TXN0001397,ACCT000192,CUST000294,normal_activity,False,0.02988046128734726,0
TXN0002285,ACCT000260,CUST000001,normal_activity,False,0.029625140664633287,0
TXN0004911,ACCT000050,CUST000378,normal_activity,False,0.02947549122255556,0
TXN0002882,ACCT000472,CUST000121,normal_activity,False,0.029431090225897766,0
TXN0004214,ACCT000536,CUST000046,normal_activity,False,0.02935822526467912,0
TXN0000131,ACCT000500,CUST000050,normal_activity,False,0.02916830955502555,0
TXN0001469,ACCT000038,CUST000421,normal_activity,False,0.02914465414725733,0
TXN0001040,ACCT000174,CUST000325,normal_activity,False,0.02909118282381808,0
TXN0000297,ACCT000343,CUST000278,normal_activity,False,0.028989727459708813,0
TXN0003797,ACCT000629,CUST000160,normal_activity,False,0.02892119218119922,0
TXN0001788,ACCT000185,CUST000272,normal_activity,False,0.028662750182673877,0
TXN0000996,ACCT000614,CUST000309,normal_activity,False,0.028557705886464786,0
TXN0004151,ACCT000271,CUST000166,normal_activity,False,0.028552851952418908,0
TXN0000994,ACCT000511,CUST000199,normal_activity,False,0.02849265790661708,0
TXN0002781,ACCT000341,CUST000390,normal_activity,False,0.028440644990381368,0
TXN0002636,ACCT000504,CUST000298,normal_activity,False,0.028321424024627367,0
TXN0002182,ACCT000341,CUST000390,normal_activity,False,0.028213057179465324,0
TXN0001285,ACCT000410,CUST000259,normal_activity,False,0.02804900264954608,0
TXN0004243,ACCT000086,CUST000370,normal_activity,False,0.027989391225446015,0
TXN0003676,ACCT000551,CUST000208,normal_activity,False,0.02786327451442143,0
TXN0003398,ACCT000162,CUST000111,normal_activity,False,0.027766314389891904,0
TXN0002070,ACCT000187,CUST000380,normal_activity,False,0.02768857832215752,0
TXN0002153,ACCT000624,CUST000221,normal_activity,False,0.027688294317572918,0
TXN0001049,ACCT000461,CUST000088,normal_activity,False,0.027524342538261925,0
TXN0004862,ACCT000320,CUST000284,normal_activity,False,0.027470462625624113,0
TXN0004780,ACCT000528,CUST000350,normal_activity,False,0.027097512618064562,0
TXN0004016,ACCT000645,CUST000035,normal_activity,False,0.02709491931715905,0
TXN0000781,ACCT000008,CUST000041,normal_activity,False,0.026660824808672927,0
TXN0003621,ACCT000379,CUST000329,normal_activity,False,0.026622656531131182,0
TXN0002231,ACCT000514,CUST000295,normal_activity,False,0.026086437577633192,0
TXN0002027,ACCT000076,CUST000270,normal_activity,False,0.026029928649639874,0
TXN0001355,ACCT000681,CUST000196,normal_activity,False,0.025990481885722293,0
TXN0004665,ACCT000089,CUST000405,normal_activity,False,0.025935349195048907,0
TXN0001632,ACCT000102,CUST000500,normal_activity,False,0.02567209543399303,0
TXN0000133,ACCT000152,CUST000370,normal_activity,False,0.02555376755727761,0
TXN0004944,ACCT000436,CUST000142,normal_activity,False,0.025495198623193858,0
TXN0001350,ACCT000038,CUST000421,normal_activity,False,0.02533967735483145,0
TXN0004739,ACCT000489,CUST000434,normal_activity,False,0.025312168065113105,0
TXN0002545,ACCT000359,CUST000172,normal_activity,False,0.02508375962627113,0
TXN0001056,ACCT000031,CUST000296,normal_activity,False,0.025031727845697557,0
TXN0001467,ACCT000558,CUST000302,normal_activity,False,0.024668206065465156,0
TXN0004855,ACCT000609,CUST000304,normal_activity,False,0.024657429992177703,0
TXN0003143,ACCT000528,CUST000350,normal_activity,False,0.024608520116386198,0
TXN0003293,ACCT000239,CUST000113,normal_activity,False,0.024463905014447195,0
TXN0004687,ACCT000480,CUST000306,normal_activity,False,0.024278579833895166,0
TXN0001754,ACCT000208,CUST000161,normal_activity,False,0.024146798940732298,0
TXN0002336,ACCT000208,CUST000161,normal_activity,False,0.023777055129943922,0
TXN0002857,ACCT000254,CUST000138,normal_activity,False,0.02366187688035134,0
TXN0004805,ACCT000371,CUST000394,normal_activity,False,0.02352383115691713,0
TXN0002170,ACCT000221,CUST000490,normal_activity,False,0.023447854301061537,0
TXN0000464,ACCT000185,CUST000272,normal_activity,False,0.022876991916541797,0
TXN0001659,ACCT000260,CUST000001,normal_activity,False,0.022865703366962156,0
TXN0000645,ACCT000225,CUST000108,normal_activity,False,0.0228346338174689,0
TXN0002523,ACCT000032,CUST000473,normal_activity,False,0.022816670114008307,0
TXN0002800,ACCT000531,CUST000439,normal_activity,False,0.022735072564800323,0
TXN0000567,ACCT000447,CUST000131,normal_activity,False,0.022604672896580625,0
TXN0003754,ACCT000066,CUST000319,normal_activity,False,0.022470536093743693,0
TXN0001147,ACCT000191,CUST000186,normal_activity,False,0.021947622435061397,0
TXN0004606,ACCT000289,CUST000273,normal_activity,False,0.02177356767081218,0
TXN0003848,ACCT000682,CUST000438,normal_activity,False,0.02147574455037456,0
TXN0003741,ACCT000554,CUST000134,normal_activity,False,0.021134603751165652,0
TXN0002359,ACCT000449,CUST000468,normal_activity,False,0.020593592152232602,0
TXN0002631,ACCT000689,CUST000065,normal_activity,False,0.02055417594864051,0
TXN0001923,ACCT000646,CUST000408,normal_activity,False,0.020404478945220447,0
TXN0003118,ACCT000646,CUST000408,normal_activity,False,0.02000677781606347,0
TXN0004104,ACCT000681,CUST000196,normal_activity,False,0.01983768686793241,0
TXN0002904,ACCT000089,CUST000405,normal_activity,False,0.01934660607811724,0
TXN0002569,ACCT000601,CUST000104,normal_activity,False,0.019273091182940866,0
TXN0003102,ACCT000612,CUST000248,normal_activity,False,0.019265320667530263,0
TXN0002436,ACCT000641,CUST000159,normal_activity,False,0.019062629861069998,0
TXN0004624,ACCT000069,CUST000158,normal_activity,False,0.018921895362685,0
TXN0002725,ACCT000649,CUST000049,normal_activity,False,0.01859770374937181,0
TXN0004891,ACCT000451,CUST000201,normal_activity,False,0.018555064549251862,0
TXN0003751,ACCT000041,CUST000143,normal_activity,False,0.018043196956644966,0
TXN0003691,ACCT000500,CUST000050,normal_activity,False,0.017655489288547797,0
TXN0004849,ACCT000579,CUST000289,normal_activity,False,0.017463194306118347,0
TXN0002514,ACCT000251,CUST000441,normal_activity,False,0.017459629507447755,0
TXN0001865,ACCT000199,CUST000360,normal_activity,False,0.017258068012130385,0
TXN0001378,ACCT000164,CUST000226,normal_activity,False,0.016980159090884246,0
TXN0000449,ACCT000388,CUST000085,normal_activity,False,0.01640794738707324,0
TXN0003356,ACCT000399,CUST000325,normal_activity,False,0.016343141360069,0
TXN0003993,ACCT000511,CUST000199,normal_activity,False,0.01617053756186599,0
TXN0002320,ACCT000146,CUST000028,normal_activity,False,0.016102240136429462,0
TXN0004493,ACCT000317,CUST000204,normal_activity,False,0.01596781858049889,0
TXN0003063,ACCT000203,CUST000139,normal_activity,False,0.01595343518855958,0
TXN0002555,ACCT000192,CUST000294,normal_activity,False,0.015913298951110735,0
TXN0000137,ACCT000146,CUST000028,normal_activity,False,0.01542851898599506,0
TXN0004522,ACCT000214,CUST000331,normal_activity,False,0.015381504028876766,0
TXN0001490,ACCT000255,CUST000073,normal_activity,False,0.015309556315503972,0
TXN0004407,ACCT000217,CUST000100,normal_activity,False,0.015242330446667729,0
TXN0003680,ACCT000343,CUST000278,normal_activity,False,0.01519150823454954,0
TXN0003619,ACCT000141,CUST000377,normal_activity,False,0.015173895363612558,0
TXN0002534,ACCT000118,CUST000092,normal_activity,False,0.015061243983268618,0
TXN0004256,ACCT000043,CUST000150,normal_activity,False,0.01505712763470375,0
TXN0004831,ACCT000152,CUST000370,normal_activity,False,0.014568031003133345,0
TXN0002234,ACCT000557,CUST000003,normal_activity,False,0.014513070442787324,0
TXN0002047,ACCT000278,CUST000055,normal_activity,False,0.013834311272490083,0
TXN0001688,ACCT000427,CUST000372,normal_activity,False,0.013417590339293836,0
TXN0000465,ACCT000445,CUST000127,normal_activity,False,0.013152861501221089,0
TXN0004721,ACCT000041,CUST000143,normal_activity,False,0.012950863502567696,0
TXN0003928,ACCT000504,CUST000298,normal_activity,False,0.012904776892502466,0
TXN0000039,ACCT000494,CUST000328,normal_activity,False,0.012880565008944111,0
TXN0002426,ACCT000626,CUST000123,normal_activity,False,0.012756650942431176,0
TXN0002371,ACCT000388,CUST000085,normal_activity,False,0.012247446218549441,0
TXN0002010,ACCT000472,CUST000121,normal_activity,False,0.011275522957735618,0
TXN0001146,ACCT000091,CUST000041,normal_activity,False,0.010917576213911089,0
TXN0000024,ACCT000410,CUST000259,normal_activity,False,0.010479530660245174,0
TXN0001282,ACCT000225,CUST000108,normal_activity,False,0.009808879722306554,0
TXN0001909,ACCT000292,CUST000045,normal_activity,False,0.005500361178829083,0
TXN0003763,ACCT000620,CUST000135,normal_activity,False,0.0026255103384111265,0
